art;aantal;pdf
19.31.9111;950;201922020_outline_1.pdf
19.30.9111;1100;201922020_outline_2.pdf
19.31.9112;1400;201922020_outline_3.pdf
19.31.9113;1400;201922020_outline_4.pdf
19.11.8713;1650;201922020_outline_5.pdf
19.31.9116;1650;201922020_outline_6.pdf
19.31.9115;1800;201922020_outline_7.pdf
19.31.9114;2000;201922020_outline_8.pdf
19.65.9926;2150;201922020_outline_9.pdf
19.66.9928;2250;201922020_outline_10.pdf
19.11.8712;2300;201922020_outline_11.pdf
19.30.9211;2300;201922020_outline_12.pdf
19.30.9112;2350;201922020_outline_13.pdf
19.11.8711;2400;201922020_outline_14.pdf
19.65.9927;2450;201922020_outline_15.pdf
19.31.9211;2500;201922020_outline_16.pdf
19.31.9212;2700;201922020_outline_17.pdf
19.30.9113;2800;201922020_outline_18.pdf
19.10.8713;2900;201922020_outline_19.pdf
19.30.9212;3100;201922020_outline_20.pdf
19.30.9114;3600;201922020_outline_21.pdf
19.30.9115;3800;201922020_outline_22.pdf
19.30.9116;3800;201922020_outline_23.pdf
19.10.8712;4100;201922020_outline_24.pdf
19.65.9828;4350;201922020_outline_25.pdf
19.10.8711;4350;201922020_outline_26.pdf
19.31.9213;4700;201922020_outline_27.pdf
19.30.9214;5200;201922020_outline_28.pdf
19.30.9215;2600;201922020_outline_29.pdf
19.30.9215;2600;201922020_outline_29.pdf
19.30.9213;2700;201922020_outline_30.pdf
19.30.9213;2700;201922020_outline_30.pdf
19.66.9927;3000;201922020_outline_31.pdf
19.66.9927;3000;201922020_outline_31.pdf
19.31.9214;3100;201922020_outline_32.pdf
19.31.9214;3100;201922020_outline_32.pdf
19.66.9828;3125;201922020_outline_33.pdf
19.66.9828;3125;201922020_outline_33.pdf
19.31.9215;3150;201922020_outline_34.pdf
19.31.9215;3150;201922020_outline_34.pdf
19.11.8813;3200;201922020_outline_35.pdf
19.11.8813;3200;201922020_outline_35.pdf
19.66.9926;3350;201922020_outline_36.pdf
19.66.9926;3350;201922020_outline_36.pdf
19.65.9827;3450;201922020_outline_37.pdf
19.65.9827;3450;201922020_outline_37.pdf
19.10.8812;3450;201922020_outline_38.pdf
19.10.8812;3450;201922020_outline_38.pdf
19.31.9216;3450;201922020_outline_39.pdf
19.31.9216;3450;201922020_outline_39.pdf
19.10.8813;3500;201922020_outline_40.pdf
19.10.8813;3500;201922020_outline_40.pdf
19.65.9826;3700;201922020_outline_41.pdf
19.65.9826;3700;201922020_outline_41.pdf
19.11.8812;4550;201922020_outline_42.pdf
19.11.8812;4550;201922020_outline_42.pdf
19.30.9216;4600;201922020_outline_43.pdf
19.30.9216;4600;201922020_outline_43.pdf
19.10.8811;5125;201922020_outline_44.pdf
19.10.8811;5125;201922020_outline_44.pdf
19.11.8811;3770;201922020_outline_45.pdf
19.11.8811;3770;201922020_outline_45.pdf
19.11.8811;3770;201922020_outline_45.pdf
19.66.9827;4940;201922020_outline_46.pdf
19.66.9827;4940;201922020_outline_46.pdf
19.66.9827;4940;201922020_outline_46.pdf
19.66.9826;5000;201922020_outline_47.pdf
19.66.9826;5000;201922020_outline_47.pdf
19.66.9826;5000;201922020_outline_47.pdf
