art,pdf,aantal
19.31.9111,201922020_outline_1.pdf,950
19.30.9111,201922020_outline_2.pdf,1100
19.31.9112,201922020_outline_3.pdf,1400
19.31.9113,201922020_outline_4.pdf,1400
19.11.8713,201922020_outline_5.pdf,1650
19.31.9116,201922020_outline_6.pdf,1650
19.31.9115,201922020_outline_7.pdf,1800
19.31.9114,201922020_outline_8.pdf,2000
19.65.9926,201922020_outline_9.pdf,2150
19.66.9928,201922020_outline_10.pdf,2250
19.11.8712,201922020_outline_11.pdf,2300
19.30.9211,201922020_outline_12.pdf,2300
19.30.9112,201922020_outline_13.pdf,2350
19.11.8711,201922020_outline_14.pdf,2400
19.65.9927,201922020_outline_15.pdf,2450
19.31.9211,201922020_outline_16.pdf,2500
19.31.9212,201922020_outline_17.pdf,2700
19.30.9113,201922020_outline_18.pdf,2800
19.10.8713,201922020_outline_19.pdf,2900
19.30.9212,201922020_outline_20.pdf,3100
19.30.9114,201922020_outline_21.pdf,3600
19.30.9115,201922020_outline_22.pdf,3800
19.30.9116,201922020_outline_23.pdf,3800
19.10.8712,201922020_outline_24.pdf,4100
19.65.9828,201922020_outline_25.pdf,4350
19.10.8711,201922020_outline_26.pdf,4350
19.31.9213,201922020_outline_27.pdf,4700
19.30.9214,201922020_outline_28.pdf,5200
19.30.9215,201922020_outline_29.pdf,2600
19.30.9215,201922020_outline_29.pdf,2600
19.30.9213,201922020_outline_30.pdf,2700
19.30.9213,201922020_outline_30.pdf,2700
19.66.9927,201922020_outline_31.pdf,3000
19.66.9927,201922020_outline_31.pdf,3000
19.31.9214,201922020_outline_32.pdf,3100
19.31.9214,201922020_outline_32.pdf,3100
19.66.9828,201922020_outline_33.pdf,3125
19.66.9828,201922020_outline_33.pdf,3125
19.31.9215,201922020_outline_34.pdf,3150
19.31.9215,201922020_outline_34.pdf,3150
19.11.8813,201922020_outline_35.pdf,3200
19.11.8813,201922020_outline_35.pdf,3200
19.66.9926,201922020_outline_36.pdf,3350
19.66.9926,201922020_outline_36.pdf,3350
19.65.9827,201922020_outline_37.pdf,3450
19.65.9827,201922020_outline_37.pdf,3450
19.10.8812,201922020_outline_38.pdf,3450
19.10.8812,201922020_outline_38.pdf,3450
19.31.9216,201922020_outline_39.pdf,3450
19.31.9216,201922020_outline_39.pdf,3450
19.10.8813,201922020_outline_40.pdf,3500
19.10.8813,201922020_outline_40.pdf,3500
19.65.9826,201922020_outline_41.pdf,3700
19.65.9826,201922020_outline_41.pdf,3700
19.11.8812,201922020_outline_42.pdf,4550
19.11.8812,201922020_outline_42.pdf,4550
19.30.9216,201922020_outline_43.pdf,4600
19.30.9216,201922020_outline_43.pdf,4600
19.10.8811,201922020_outline_44.pdf,5125
19.10.8811,201922020_outline_44.pdf,5125
19.11.8811,201922020_outline_45.pdf,3770
19.11.8811,201922020_outline_45.pdf,3770
19.11.8811,201922020_outline_45.pdf,3770
19.66.9827,201922020_outline_46.pdf,4940
19.66.9827,201922020_outline_46.pdf,4940
19.66.9827,201922020_outline_46.pdf,4940
19.66.9826,201922020_outline_47.pdf,5000
19.66.9826,201922020_outline_47.pdf,5000
19.66.9826,201922020_outline_47.pdf,5000
